id,Breed1,Breed2,Breed3
sample_1,1,0,0
sample_2,1,0,0
sample_3,0,0,1
sample_4,1,0,0
sample_5,0,1,0
sample_6,1,0,0
sample_7,1,0,0
sample_8,1,0,0
sample_9,1,0,0
sample_10,0,1,0
sample_11,0,0,1
sample_12,0,0,1
sample_13,0,1,0
sample_14,0,0,1
sample_15,0,1,0
sample_16,0,0,1
sample_17,0,0,1
sample_18,0,0,1
sample_19,0,0,1
sample_20,0,1,0
sample_21,1,0,0
sample_22,0,1,0
sample_23,0,1,0
sample_24,0,0,1
sample_25,1,0,0
sample_26,0,1,0
sample_27,1,0,0
sample_28,0,0,1
sample_29,0,1,0
sample_30,1,0,0
sample_31,0,0,1
sample_32,0,1,0
sample_33,0,0,1
sample_34,1,0,0
sample_35,0,1,0
sample_36,1,0,0
sample_37,1,0,0
sample_38,0,1,0
sample_39,0,1,0
sample_40,0,1,0
sample_41,0,1,0
sample_42,1,0,0
sample_43,0,1,0
sample_44,1,0,0
sample_45,0,0,1
sample_46,0,1,0
sample_47,0,1,0
sample_48,0,0,1
sample_49,1,0,0
sample_50,1,0,0
sample_51,0,0,1
sample_52,1,0,0
sample_53,0,1,0
sample_54,1,0,0
sample_55,1,0,0
sample_56,1,0,0
sample_57,1,0,0
sample_58,0,1,0
sample_59,1,0,0
sample_60,0,0,1
sample_61,1,0,0
sample_62,0,1,0
sample_63,0,1,0
sample_64,1,0,0
sample_65,0,1,0
sample_66,0,1,0
sample_67,1,0,0
sample_68,1,0,0
sample_69,0,1,0
sample_70,1,0,0
sample_71,0,1,0
sample_72,1,0,0
sample_73,1,0,0
sample_74,1,0,0
sample_75,0,1,0
sample_76,0,0,1
sample_77,0,1,0
sample_78,0,0,1
sample_79,1,0,0
sample_80,0,1,0
sample_81,0,0,1
sample_82,0,1,0
sample_83,0,1,0
sample_84,0,0,1
sample_85,1,0,0
sample_86,0,0,1
sample_87,1,0,0
sample_88,0,1,0
sample_89,0,1,0
sample_90,0,1,0
sample_91,1,0,0
sample_92,0,1,0
sample_93,1,0,0
sample_94,0,0,1
sample_95,0,1,0
sample_96,1,0,0
sample_97,0,1,0
sample_98,1,0,0
sample_99,0,1,0
sample_100,0,1,0
sample_101,1,0,0
sample_102,1,0,0
sample_103,1,0,0
sample_104,0,1,0
sample_105,1,0,0
sample_106,0,1,0
sample_107,0,1,0
sample_108,0,0,1
sample_109,1,0,0
sample_110,0,1,0
sample_111,1,0,0
sample_112,1,0,0
sample_113,0,0,1
sample_114,1,0,0
sample_115,0,1,0
sample_116,0,1,0
sample_117,1,0,0
sample_118,0,0,1
sample_119,0,1,0
sample_120,0,0,1
sample_121,0,1,0
sample_122,0,0,1
sample_123,0,1,0
sample_124,0,0,1
sample_125,0,0,1
sample_126,0,0,1
sample_127,1,0,0
sample_128,0,1,0
sample_129,1,0,0
sample_130,1,0,0
sample_131,1,0,0
sample_132,0,1,0
sample_133,0,0,1
sample_134,1,0,0
sample_135,0,1,0
sample_136,0,1,0
sample_137,0,1,0
sample_138,0,0,1
sample_139,0,1,0
sample_140,0,0,1
sample_141,0,1,0
sample_142,1,0,0
sample_143,1,0,0
sample_144,0,1,0
sample_145,1,0,0
sample_146,0,0,1
sample_147,0,0,1
sample_148,1,0,0
sample_149,0,1,0
sample_150,1,0,0
sample_151,0,1,0
sample_152,0,1,0
sample_153,1,0,0
sample_154,1,0,0
sample_155,1,0,0
sample_156,0,1,0
sample_157,0,0,1
sample_158,0,1,0
sample_159,1,0,0
sample_160,0,0,1
sample_161,0,1,0
sample_162,0,0,1
sample_163,1,0,0
sample_164,0,1,0
sample_165,1,0,0
sample_166,1,0,0
sample_167,0,0,1
sample_168,0,0,1
sample_169,0,0,1
sample_170,0,1,0
sample_171,1,0,0
sample_172,0,0,1
sample_173,1,0,0
sample_174,1,0,0
sample_175,1,0,0
sample_176,1,0,0
sample_177,0,1,0
sample_178,1,0,0
sample_179,0,1,0
sample_180,0,1,0
sample_181,1,0,0
sample_182,0,1,0
sample_183,0,1,0
sample_184,0,0,1
sample_185,0,1,0
sample_186,1,0,0
sample_187,0,0,1
sample_188,0,1,0
sample_189,1,0,0
sample_190,1,0,0
sample_191,1,0,0
sample_192,0,1,0
sample_193,0,0,1
sample_194,1,0,0
sample_195,0,0,1
sample_196,0,1,0
sample_197,0,1,0
sample_198,1,0,0
sample_199,1,0,0
sample_200,0,1,0
sample_201,0,0,1
sample_202,0,1,0
sample_203,1,0,0
sample_204,1,0,0
sample_205,1,0,0
sample_206,0,1,0
sample_207,0,0,1
sample_208,1,0,0
sample_209,0,1,0
sample_210,0,1,0
sample_211,0,0,1
sample_212,0,1,0
sample_213,0,1,0
sample_214,0,0,1
sample_215,0,1,0
sample_216,0,1,0
sample_217,0,0,1
sample_218,0,0,1
sample_219,1,0,0
sample_220,0,0,1
sample_221,0,1,0
sample_222,1,0,0
sample_223,1,0,0
sample_224,1,0,0
sample_225,0,0,1
sample_226,0,1,0
sample_227,1,0,0
sample_228,0,0,1
sample_229,1,0,0
sample_230,0,0,1
sample_231,1,0,0
sample_232,1,0,0
sample_233,0,0,1
sample_234,0,0,1
sample_235,0,0,1
sample_236,1,0,0
sample_237,1,0,0
sample_238,0,1,0
sample_239,1,0,0
sample_240,1,0,0
sample_241,0,1,0
sample_242,0,0,1
sample_243,0,0,1
sample_244,0,1,0
sample_245,0,1,0
sample_246,1,0,0
sample_247,0,1,0
sample_248,0,0,1
sample_249,0,1,0
sample_250,1,0,0
sample_251,1,0,0
sample_252,1,0,0
sample_253,0,1,0
sample_254,0,0,1
sample_255,0,0,1
sample_256,1,0,0
sample_257,0,1,0
sample_258,0,0,1
sample_259,0,0,1
sample_260,1,0,0
sample_261,0,0,1
sample_262,0,0,1
sample_263,0,1,0
sample_264,0,0,1
sample_265,1,0,0
sample_266,1,0,0
sample_267,0,0,1
sample_268,0,1,0
sample_269,1,0,0
sample_270,0,0,1
sample_271,0,0,1
sample_272,1,0,0
sample_273,1,0,0
sample_274,0,1,0
sample_275,0,0,1
sample_276,0,1,0
sample_277,0,1,0
sample_278,0,1,0
sample_279,0,0,1
sample_280,0,1,0
sample_281,0,1,0
sample_282,1,0,0
sample_283,0,1,0
sample_284,0,0,1
sample_285,0,1,0
sample_286,0,0,1
sample_287,0,0,1
sample_288,1,0,0
sample_289,1,0,0
sample_290,0,0,1
sample_291,0,1,0
sample_292,0,0,1
sample_293,0,0,1
sample_294,0,0,1
sample_295,0,1,0
sample_296,0,1,0
sample_297,1,0,0
sample_298,0,1,0
sample_299,0,0,1
sample_300,0,1,0
sample_301,1,0,0
sample_302,1,0,0
sample_303,0,1,0
sample_304,0,0,1
sample_305,1,0,0
sample_306,0,1,0
sample_307,0,1,0
sample_308,0,0,1
sample_309,1,0,0
sample_310,1,0,0
sample_311,0,1,0
sample_312,0,0,1
sample_313,0,0,1
sample_314,1,0,0
sample_315,0,1,0
sample_316,0,0,1
sample_317,0,1,0
sample_318,0,0,1
sample_319,0,1,0
sample_320,0,0,1
sample_321,1,0,0
sample_322,0,1,0
sample_323,1,0,0
sample_324,0,1,0
sample_325,0,0,1
sample_326,1,0,0
sample_327,0,1,0
sample_328,0,0,1
sample_329,0,1,0
sample_330,1,0,0
sample_331,0,1,0
sample_332,0,0,1
sample_333,0,0,1
sample_334,1,0,0
sample_335,1,0,0
sample_336,1,0,0
sample_337,1,0,0
sample_338,0,0,1
sample_339,0,0,1
sample_340,0,0,1
sample_341,0,1,0
sample_342,0,1,0
sample_343,0,0,1
sample_344,0,1,0
sample_345,0,1,0
sample_346,1,0,0
sample_347,1,0,0
sample_348,0,1,0
sample_349,1,0,0
sample_350,0,1,0
sample_351,0,1,0
sample_352,0,1,0
sample_353,0,1,0
sample_354,0,0,1
sample_355,0,1,0
sample_356,1,0,0
sample_357,1,0,0
sample_358,0,0,1
sample_359,1,0,0
sample_360,1,0,0
sample_361,0,1,0
sample_362,0,0,1
sample_363,0,0,1
sample_364,0,0,1
sample_365,0,0,1
sample_366,1,0,0
sample_367,0,1,0
sample_368,1,0,0
sample_369,0,1,0
sample_370,0,0,1
sample_371,1,0,0
sample_372,0,0,1
sample_373,1,0,0
sample_374,0,1,0
sample_375,0,1,0
sample_376,0,1,0
sample_377,0,1,0
sample_378,0,0,1
sample_379,0,1,0
sample_380,1,0,0
sample_381,1,0,0
sample_382,1,0,0
sample_383,1,0,0
sample_384,0,1,0
sample_385,0,0,1
sample_386,0,1,0
sample_387,0,1,0
sample_388,0,1,0
sample_389,0,1,0
sample_390,0,1,0
sample_391,0,1,0
sample_392,1,0,0
sample_393,0,0,1
sample_394,1,0,0
sample_395,0,1,0
sample_396,0,1,0
sample_397,0,1,0
sample_398,0,1,0
sample_399,1,0,0
sample_400,1,0,0
sample_401,0,0,1
sample_402,1,0,0
sample_403,0,1,0
sample_404,1,0,0
sample_405,0,0,1
sample_406,0,1,0
sample_407,1,0,0
sample_408,0,0,1
sample_409,0,0,1
sample_410,1,0,0
sample_411,1,0,0
sample_412,1,0,0
sample_413,0,0,1
sample_414,0,0,1
sample_415,0,1,0
sample_416,0,0,1
sample_417,0,1,0
sample_418,0,1,0
sample_419,0,1,0
sample_420,1,0,0
sample_421,0,0,1
sample_422,0,0,1
sample_423,0,0,1
sample_424,0,0,1
sample_425,0,0,1
sample_426,1,0,0
sample_427,0,0,1
sample_428,1,0,0
sample_429,1,0,0
sample_430,0,1,0
sample_431,0,1,0
sample_432,1,0,0
sample_433,0,1,0
sample_434,1,0,0
sample_435,0,0,1
sample_436,1,0,0
sample_437,1,0,0
sample_438,0,0,1
sample_439,1,0,0
sample_440,0,1,0
sample_441,1,0,0
sample_442,1,0,0
sample_443,0,1,0
sample_444,0,0,1
sample_445,1,0,0
sample_446,0,1,0
sample_447,0,0,1
sample_448,0,0,1
sample_449,0,1,0
sample_450,1,0,0
sample_451,0,1,0
sample_452,0,1,0
sample_453,0,1,0
sample_454,0,1,0
sample_455,1,0,0
sample_456,1,0,0
sample_457,0,0,1
sample_458,1,0,0
sample_459,0,0,1
sample_460,1,0,0
sample_461,1,0,0
sample_462,0,0,1
sample_463,0,1,0
sample_464,1,0,0
sample_465,1,0,0
sample_466,0,1,0
sample_467,0,1,0
sample_468,0,0,1
sample_469,0,0,1
sample_470,1,0,0
sample_471,0,1,0
sample_472,0,1,0
sample_473,0,0,1
sample_474,0,0,1
sample_475,1,0,0
sample_476,1,0,0
sample_477,0,0,1
sample_478,0,1,0
sample_479,0,1,0
sample_480,0,0,1
sample_481,1,0,0
sample_482,0,1,0
sample_483,0,0,1
sample_484,0,0,1
sample_485,0,1,0
sample_486,0,1,0
sample_487,1,0,0
sample_488,1,0,0
sample_489,0,0,1
sample_490,0,1,0
sample_491,0,1,0
sample_492,0,0,1
sample_493,0,0,1
sample_494,1,0,0
sample_495,0,0,1
sample_496,0,0,1
sample_497,0,0,1
sample_498,0,0,1
sample_499,1,0,0
sample_500,0,1,0
sample_501,1,0,0
sample_502,0,0,1
sample_503,1,0,0
sample_504,1,0,0
sample_505,1,0,0
sample_506,1,0,0
sample_507,0,1,0
sample_508,1,0,0
sample_509,1,0,0
sample_510,1,0,0
sample_511,0,0,1
sample_512,0,0,1
sample_513,0,1,0
sample_514,0,1,0
sample_515,1,0,0
sample_516,0,1,0
sample_517,0,0,1
sample_518,0,0,1
sample_519,0,1,0
sample_520,1,0,0
sample_521,0,0,1
sample_522,0,0,1
sample_523,0,1,0
sample_524,0,0,1
sample_525,0,1,0
sample_526,0,0,1
sample_527,0,1,0
sample_528,1,0,0
sample_529,1,0,0
sample_530,1,0,0
sample_531,0,1,0
sample_532,0,1,0
sample_533,0,1,0
sample_534,1,0,0
sample_535,0,1,0
sample_536,0,1,0
sample_537,0,0,1
sample_538,0,0,1
sample_539,0,0,1
sample_540,1,0,0
sample_541,0,0,1
sample_542,1,0,0
sample_543,1,0,0
sample_544,0,1,0
sample_545,0,1,0
sample_546,1,0,0
sample_547,1,0,0
sample_548,0,1,0
sample_549,0,0,1
sample_550,1,0,0
sample_551,1,0,0
sample_552,0,0,1
sample_553,1,0,0
sample_554,0,1,0
sample_555,0,1,0
sample_556,0,0,1
sample_557,0,1,0
sample_558,0,1,0
sample_559,0,1,0
sample_560,1,0,0
sample_561,1,0,0
sample_562,0,1,0
sample_563,0,1,0
sample_564,0,0,1
sample_565,1,0,0
sample_566,0,0,1
sample_567,0,1,0
sample_568,1,0,0
sample_569,0,0,1
sample_570,0,1,0
sample_571,1,0,0
sample_572,1,0,0
sample_573,0,1,0
sample_574,1,0,0
sample_575,0,0,1
sample_576,1,0,0
sample_577,1,0,0
sample_578,0,0,1
sample_579,1,0,0
sample_580,0,1,0
sample_581,1,0,0
sample_582,0,1,0
sample_583,1,0,0
sample_584,0,1,0
sample_585,0,1,0
sample_586,1,0,0
sample_587,1,0,0
sample_588,0,0,1
sample_589,1,0,0
sample_590,1,0,0
sample_591,0,0,1
sample_592,0,1,0
sample_593,1,0,0
sample_594,1,0,0
sample_595,0,1,0
sample_596,0,1,0
sample_597,1,0,0
sample_598,1,0,0
sample_599,0,1,0
sample_600,1,0,0
sample_601,0,1,0
sample_602,0,0,1
sample_603,1,0,0
sample_604,0,1,0
sample_605,0,1,0
sample_606,0,0,1
sample_607,1,0,0
sample_608,0,1,0
sample_609,1,0,0
sample_610,0,0,1
sample_611,1,0,0
sample_612,1,0,0
sample_613,0,0,1
sample_614,0,0,1
sample_615,0,1,0
sample_616,0,1,0
sample_617,1,0,0
sample_618,0,1,0
sample_619,1,0,0
sample_620,1,0,0
sample_621,0,0,1
sample_622,0,0,1
sample_623,1,0,0
sample_624,0,1,0
sample_625,0,1,0
sample_626,0,1,0
sample_627,0,1,0
sample_628,1,0,0
sample_629,0,1,0
sample_630,1,0,0
sample_631,1,0,0
sample_632,1,0,0
sample_633,0,1,0
sample_634,0,1,0
sample_635,0,1,0
sample_636,0,1,0
sample_637,1,0,0
sample_638,0,1,0
sample_639,0,1,0
sample_640,0,1,0
sample_641,1,0,0
sample_642,1,0,0
sample_643,1,0,0
sample_644,0,0,1
sample_645,1,0,0
sample_646,0,0,1
sample_647,0,0,1
sample_648,0,1,0
sample_649,0,1,0
sample_650,1,0,0
sample_651,0,1,0
sample_652,1,0,0
sample_653,0,1,0
sample_654,1,0,0
sample_655,0,0,1
sample_656,0,0,1
sample_657,1,0,0
sample_658,0,0,1
sample_659,1,0,0
sample_660,0,1,0
sample_661,0,1,0
sample_662,0,1,0
sample_663,1,0,0
sample_664,1,0,0
sample_665,0,1,0
sample_666,0,0,1
sample_667,0,1,0
sample_668,1,0,0
sample_669,0,1,0
sample_670,0,0,1
sample_671,0,1,0
sample_672,0,0,1
sample_673,0,1,0
sample_674,0,0,1
sample_675,1,0,0
sample_676,0,1,0
sample_677,0,1,0
sample_678,1,0,0
sample_679,1,0,0
sample_680,0,1,0
sample_681,0,1,0
sample_682,0,1,0
sample_683,1,0,0
sample_684,0,1,0
sample_685,0,1,0
sample_686,0,0,1
sample_687,0,1,0
sample_688,1,0,0
sample_689,0,1,0
sample_690,0,0,1
sample_691,0,1,0
sample_692,0,0,1
sample_693,0,1,0
sample_694,1,0,0
sample_695,1,0,0
sample_696,0,1,0
sample_697,0,0,1
sample_698,0,1,0
sample_699,1,0,0
sample_700,1,0,0
sample_701,0,0,1
sample_702,0,0,1
sample_703,1,0,0
sample_704,0,0,1
sample_705,0,0,1
sample_706,0,1,0
sample_707,0,0,1
sample_708,1,0,0
sample_709,1,0,0
sample_710,1,0,0
sample_711,0,1,0
sample_712,1,0,0
sample_713,0,1,0
sample_714,1,0,0
sample_715,1,0,0
sample_716,1,0,0
sample_717,0,0,1
sample_718,0,1,0
sample_719,1,0,0
sample_720,0,0,1
sample_721,1,0,0
sample_722,0,1,0
sample_723,0,0,1
sample_724,1,0,0
sample_725,0,1,0
sample_726,0,1,0
sample_727,0,0,1
sample_728,1,0,0
sample_729,1,0,0
sample_730,1,0,0
sample_731,0,1,0
sample_732,0,0,1
sample_733,0,1,0
sample_734,0,1,0
sample_735,0,0,1
sample_736,0,0,1
sample_737,1,0,0
sample_738,1,0,0
sample_739,0,0,1
sample_740,0,1,0
sample_741,0,1,0
sample_742,0,0,1
sample_743,1,0,0
sample_744,1,0,0
sample_745,1,0,0
sample_746,1,0,0
sample_747,1,0,0
sample_748,1,0,0
sample_749,1,0,0
sample_750,0,0,1
sample_751,1,0,0
sample_752,0,0,1
sample_753,1,0,0
sample_754,0,1,0
sample_755,0,1,0
sample_756,0,0,1
sample_757,1,0,0
sample_758,0,0,1
sample_759,0,1,0
sample_760,0,1,0
sample_761,0,0,1
sample_762,0,0,1
sample_763,0,1,0
sample_764,0,1,0
sample_765,0,0,1
sample_766,1,0,0
sample_767,1,0,0
sample_768,1,0,0
sample_769,0,1,0
sample_770,0,0,1
sample_771,0,0,1
sample_772,0,1,0
sample_773,1,0,0
sample_774,0,1,0
sample_775,1,0,0
sample_776,1,0,0
sample_777,0,0,1
sample_778,1,0,0
sample_779,1,0,0
sample_780,0,0,1
sample_781,0,0,1
sample_782,0,0,1
sample_783,1,0,0
sample_784,0,0,1
sample_785,0,1,0
sample_786,1,0,0
sample_787,0,1,0
sample_788,1,0,0
sample_789,0,1,0
sample_790,0,0,1
sample_791,0,0,1
sample_792,1,0,0
sample_793,0,0,1
sample_794,0,1,0
sample_795,0,0,1
sample_796,0,0,1
sample_797,0,1,0
sample_798,0,1,0
sample_799,1,0,0
sample_800,0,1,0
sample_801,1,0,0
sample_802,1,0,0
sample_803,1,0,0
sample_804,1,0,0
sample_805,0,1,0
sample_806,0,0,1
sample_807,0,1,0
sample_808,1,0,0
sample_809,0,0,1
sample_810,0,1,0
sample_811,0,1,0
sample_812,0,0,1
sample_813,0,1,0
sample_814,0,0,1
sample_815,0,0,1
sample_816,1,0,0
sample_817,0,1,0
sample_818,0,0,1
sample_819,1,0,0
sample_820,0,1,0
sample_821,0,1,0
sample_822,1,0,0
sample_823,0,1,0
sample_824,0,0,1
sample_825,0,1,0
sample_826,0,0,1
sample_827,1,0,0
sample_828,0,0,1
sample_829,0,1,0
sample_830,1,0,0
sample_831,0,1,0
sample_832,0,1,0
sample_833,0,0,1
sample_834,1,0,0
sample_835,0,0,1
sample_836,0,0,1
sample_837,0,0,1
sample_838,0,0,1
sample_839,0,1,0
sample_840,1,0,0
sample_841,0,1,0
sample_842,1,0,0
sample_843,1,0,0
sample_844,0,0,1
sample_845,0,0,1
sample_846,0,1,0
sample_847,1,0,0
sample_848,1,0,0
sample_849,0,0,1
sample_850,0,0,1
sample_851,1,0,0
sample_852,0,1,0
sample_853,0,0,1
sample_854,0,1,0
sample_855,0,1,0
sample_856,0,1,0
sample_857,0,1,0
sample_858,0,0,1
sample_859,1,0,0
sample_860,1,0,0
sample_861,0,1,0
sample_862,0,0,1
sample_863,0,0,1
sample_864,0,1,0
sample_865,1,0,0
sample_866,1,0,0
sample_867,1,0,0
sample_868,0,0,1
sample_869,0,1,0
sample_870,0,1,0
sample_871,0,0,1
sample_872,0,1,0
sample_873,1,0,0
sample_874,1,0,0
sample_875,1,0,0
sample_876,1,0,0
sample_877,1,0,0
sample_878,1,0,0
sample_879,0,1,0
sample_880,1,0,0
sample_881,0,1,0
sample_882,0,0,1
sample_883,0,1,0
sample_884,0,0,1
sample_885,0,1,0
sample_886,1,0,0
sample_887,0,0,1
sample_888,1,0,0
sample_889,1,0,0
sample_890,0,1,0
sample_891,1,0,0
sample_892,0,1,0
sample_893,1,0,0
sample_894,0,1,0
sample_895,0,1,0
sample_896,0,1,0
sample_897,1,0,0
sample_898,0,1,0
sample_899,0,1,0
sample_900,0,1,0
sample_901,1,0,0
sample_902,0,0,1
sample_903,0,0,1
sample_904,0,0,1
sample_905,0,0,1
sample_906,1,0,0
sample_907,1,0,0
sample_908,0,0,1
sample_909,0,1,0
sample_910,0,1,0
sample_911,0,0,1
sample_912,1,0,0
sample_913,1,0,0
sample_914,0,0,1
sample_915,0,1,0
sample_916,0,0,1
sample_917,0,1,0
sample_918,0,1,0
sample_919,0,1,0
sample_920,0,1,0
sample_921,0,1,0
sample_922,1,0,0
sample_923,0,1,0
sample_924,1,0,0
sample_925,0,0,1
sample_926,0,0,1
sample_927,0,1,0
sample_928,0,1,0
sample_929,1,0,0
sample_930,1,0,0
sample_931,0,0,1
sample_932,1,0,0
sample_933,1,0,0
sample_934,0,1,0
sample_935,1,0,0
sample_936,1,0,0
sample_937,1,0,0
sample_938,0,0,1
sample_939,0,1,0
sample_940,1,0,0
sample_941,1,0,0
sample_942,0,0,1
sample_943,1,0,0
sample_944,0,1,0
sample_945,1,0,0
sample_946,0,1,0
sample_947,0,0,1
sample_948,0,1,0
sample_949,0,0,1
sample_950,0,1,0
sample_951,0,1,0
sample_952,1,0,0
sample_953,0,0,1
sample_954,1,0,0
sample_955,1,0,0
sample_956,0,0,1
sample_957,1,0,0
sample_958,1,0,0
sample_959,0,0,1
sample_960,1,0,0
sample_961,1,0,0
sample_962,0,1,0
sample_963,0,0,1
sample_964,0,0,1
sample_965,1,0,0
sample_966,1,0,0
sample_967,1,0,0
sample_968,0,1,0
sample_969,0,1,0
sample_970,0,1,0
sample_971,0,1,0
sample_972,0,0,1
sample_973,1,0,0
sample_974,1,0,0
sample_975,0,1,0
sample_976,1,0,0
sample_977,0,0,1
sample_978,0,0,1
sample_979,1,0,0
sample_980,0,1,0
sample_981,0,1,0
sample_982,0,0,1
sample_983,0,1,0
sample_984,1,0,0
sample_985,0,1,0
sample_986,0,0,1
sample_987,0,0,1
sample_988,1,0,0
sample_989,1,0,0
sample_990,0,0,1
sample_991,0,1,0
sample_992,0,0,1
sample_993,1,0,0
sample_994,0,0,1
sample_995,1,0,0
sample_996,0,0,1
sample_997,0,1,0
sample_998,0,0,1
sample_999,1,0,0
sample_1000,1,0,0
sample_1001,1,0,0
sample_1002,1,0,0
sample_1003,1,0,0
sample_1004,0,1,0
sample_1005,1,0,0
sample_1006,0,0,1
sample_1007,0,1,0
sample_1008,1,0,0
sample_1009,0,0,1
sample_1010,0,0,1
sample_1011,0,0,1
sample_1012,0,1,0
sample_1013,0,1,0
sample_1014,0,1,0
sample_1015,1,0,0
sample_1016,1,0,0
sample_1017,0,0,1
sample_1018,0,1,0
sample_1019,0,1,0
sample_1020,0,1,0
sample_1021,1,0,0
sample_1022,1,0,0
sample_1023,1,0,0
sample_1024,1,0,0
sample_1025,0,1,0
sample_1026,0,1,0
sample_1027,0,0,1
sample_1028,0,0,1
sample_1029,0,0,1
sample_1030,1,0,0
sample_1031,1,0,0
sample_1032,0,1,0
sample_1033,1,0,0
sample_1034,0,0,1
sample_1035,0,1,0
sample_1036,0,1,0
sample_1037,1,0,0
sample_1038,0,1,0
sample_1039,0,1,0
sample_1040,1,0,0
sample_1041,1,0,0
sample_1042,0,0,1
sample_1043,0,0,1
sample_1044,0,0,1
sample_1045,1,0,0
sample_1046,0,1,0
sample_1047,1,0,0
sample_1048,0,1,0
sample_1049,0,1,0
sample_1050,0,0,1
sample_1051,0,1,0
sample_1052,1,0,0
sample_1053,1,0,0
sample_1054,1,0,0
sample_1055,0,0,1
sample_1056,1,0,0
sample_1057,1,0,0
sample_1058,0,1,0
sample_1059,0,0,1
sample_1060,1,0,0
sample_1061,1,0,0
sample_1062,1,0,0
sample_1063,1,0,0
sample_1064,1,0,0
sample_1065,0,0,1
sample_1066,1,0,0
sample_1067,1,0,0
sample_1068,0,0,1
sample_1069,0,1,0
sample_1070,0,0,1
sample_1071,0,1,0
sample_1072,1,0,0
sample_1073,1,0,0
sample_1074,1,0,0
sample_1075,1,0,0
sample_1076,0,0,1
sample_1077,1,0,0
sample_1078,1,0,0
sample_1079,0,0,1
sample_1080,1,0,0
sample_1081,1,0,0
sample_1082,1,0,0
sample_1083,0,1,0
sample_1084,0,1,0
sample_1085,1,0,0
sample_1086,1,0,0
sample_1087,0,1,0
sample_1088,1,0,0
sample_1089,0,1,0
sample_1090,0,0,1
sample_1091,0,1,0
sample_1092,0,1,0
sample_1093,0,0,1
sample_1094,0,1,0
sample_1095,1,0,0
sample_1096,0,0,1
sample_1097,1,0,0
sample_1098,0,1,0
sample_1099,1,0,0
sample_1100,0,0,1
sample_1101,0,0,1
sample_1102,1,0,0
sample_1103,0,0,1
sample_1104,1,0,0
sample_1105,0,1,0
sample_1106,0,0,1
sample_1107,1,0,0
sample_1108,0,0,1
sample_1109,0,1,0
sample_1110,1,0,0
sample_1111,0,0,1
sample_1112,0,1,0
sample_1113,1,0,0
sample_1114,0,1,0
sample_1115,0,1,0
sample_1116,0,0,1
sample_1117,1,0,0
sample_1118,0,1,0
sample_1119,0,0,1
sample_1120,1,0,0
sample_1121,1,0,0
sample_1122,0,1,0
sample_1123,0,1,0
sample_1124,0,1,0
sample_1125,0,0,1
sample_1126,0,0,1
sample_1127,0,0,1
sample_1128,0,0,1
sample_1129,1,0,0
sample_1130,0,1,0
sample_1131,1,0,0
sample_1132,0,1,0
sample_1133,0,1,0
sample_1134,1,0,0
sample_1135,0,1,0
sample_1136,0,0,1
sample_1137,0,0,1
sample_1138,1,0,0
sample_1139,0,1,0
sample_1140,1,0,0
sample_1141,0,0,1
sample_1142,1,0,0
sample_1143,0,1,0
sample_1144,0,1,0
sample_1145,1,0,0
sample_1146,0,1,0
sample_1147,0,1,0
sample_1148,1,0,0
sample_1149,0,1,0
sample_1150,0,0,1
sample_1151,0,1,0
sample_1152,1,0,0
sample_1153,0,0,1
sample_1154,1,0,0
sample_1155,0,1,0
sample_1156,0,0,1
sample_1157,0,0,1
sample_1158,1,0,0
sample_1159,0,1,0
sample_1160,0,1,0
sample_1161,1,0,0
sample_1162,1,0,0
sample_1163,0,0,1
sample_1164,0,1,0
sample_1165,1,0,0
sample_1166,0,0,1
sample_1167,0,1,0
sample_1168,0,1,0
sample_1169,1,0,0
sample_1170,0,0,1
sample_1171,0,1,0
sample_1172,1,0,0
sample_1173,1,0,0
sample_1174,1,0,0
sample_1175,0,1,0
sample_1176,0,0,1
sample_1177,0,0,1
sample_1178,1,0,0
sample_1179,1,0,0
sample_1180,0,1,0
sample_1181,0,1,0
sample_1182,1,0,0
sample_1183,1,0,0
sample_1184,0,1,0
sample_1185,0,1,0
sample_1186,0,1,0
sample_1187,1,0,0
sample_1188,1,0,0
sample_1189,0,1,0
sample_1190,0,1,0
sample_1191,0,0,1
sample_1192,0,0,1
sample_1193,0,1,0
sample_1194,1,0,0
sample_1195,0,0,1
sample_1196,0,1,0
sample_1197,1,0,0
sample_1198,0,1,0
sample_1199,1,0,0
sample_1200,0,1,0
sample_1201,0,0,1
sample_1202,1,0,0
sample_1203,0,1,0
sample_1204,0,0,1
sample_1205,0,1,0
sample_1206,1,0,0
sample_1207,0,1,0
sample_1208,1,0,0
sample_1209,1,0,0
sample_1210,1,0,0
sample_1211,0,1,0
sample_1212,1,0,0
sample_1213,0,1,0
sample_1214,0,1,0
sample_1215,0,1,0
sample_1216,1,0,0
sample_1217,0,1,0
sample_1218,0,1,0
sample_1219,1,0,0
sample_1220,1,0,0
sample_1221,0,1,0
sample_1222,0,1,0
sample_1223,1,0,0
sample_1224,0,0,1
sample_1225,0,0,1
sample_1226,1,0,0
sample_1227,0,1,0
sample_1228,0,1,0
sample_1229,1,0,0
sample_1230,1,0,0
sample_1231,0,1,0
sample_1232,0,1,0
sample_1233,1,0,0
sample_1234,0,0,1
sample_1235,1,0,0
sample_1236,1,0,0
sample_1237,0,0,1
sample_1238,0,1,0
sample_1239,0,1,0
sample_1240,0,1,0
sample_1241,0,1,0
sample_1242,1,0,0
sample_1243,0,1,0
sample_1244,1,0,0
sample_1245,0,0,1
sample_1246,1,0,0
sample_1247,0,1,0
sample_1248,0,1,0
sample_1249,0,1,0
sample_1250,0,1,0
sample_1251,0,0,1
sample_1252,0,0,1
sample_1253,0,0,1
sample_1254,1,0,0
sample_1255,1,0,0
sample_1256,1,0,0
sample_1257,1,0,0
sample_1258,1,0,0
sample_1259,1,0,0
sample_1260,0,1,0
sample_1261,0,1,0
sample_1262,0,1,0
sample_1263,0,0,1
sample_1264,0,0,1
sample_1265,1,0,0
sample_1266,0,0,1
sample_1267,0,0,1
sample_1268,1,0,0
sample_1269,0,1,0
sample_1270,0,1,0
sample_1271,1,0,0
sample_1272,0,0,1
sample_1273,1,0,0
sample_1274,1,0,0
sample_1275,0,1,0
sample_1276,0,1,0
sample_1277,1,0,0
sample_1278,1,0,0
sample_1279,0,1,0
sample_1280,0,1,0
sample_1281,1,0,0
sample_1282,1,0,0
sample_1283,0,0,1
sample_1284,0,1,0
sample_1285,1,0,0
sample_1286,0,1,0
sample_1287,1,0,0
sample_1288,1,0,0
sample_1289,1,0,0
sample_1290,0,0,1
sample_1291,0,0,1
sample_1292,0,0,1
sample_1293,0,1,0
sample_1294,1,0,0
sample_1295,0,1,0
sample_1296,0,1,0
sample_1297,0,0,1
sample_1298,0,1,0
sample_1299,0,1,0
sample_1300,1,0,0
sample_1301,0,1,0
sample_1302,1,0,0
sample_1303,1,0,0
sample_1304,1,0,0
sample_1305,1,0,0
sample_1306,0,1,0
sample_1307,1,0,0
sample_1308,1,0,0
sample_1309,0,1,0
sample_1310,0,1,0
sample_1311,0,1,0
sample_1312,0,1,0
sample_1313,0,1,0
sample_1314,1,0,0
sample_1315,0,1,0
sample_1316,0,1,0
sample_1317,1,0,0
sample_1318,0,1,0
sample_1319,0,1,0
sample_1320,1,0,0
sample_1321,1,0,0
sample_1322,0,1,0
sample_1323,0,1,0
sample_1324,0,1,0
sample_1325,1,0,0
sample_1326,0,1,0
sample_1327,0,0,1
sample_1328,1,0,0
sample_1329,0,0,1
sample_1330,0,1,0
sample_1331,1,0,0
sample_1332,0,1,0
sample_1333,0,1,0
sample_1334,1,0,0
sample_1335,0,1,0
sample_1336,0,0,1
sample_1337,1,0,0
sample_1338,1,0,0
sample_1339,0,1,0
sample_1340,0,1,0
sample_1341,1,0,0
sample_1342,1,0,0
sample_1343,0,1,0
sample_1344,0,0,1
sample_1345,0,0,1
sample_1346,0,1,0
sample_1347,0,0,1
sample_1348,1,0,0
sample_1349,0,1,0
sample_1350,0,1,0
sample_1351,0,1,0
sample_1352,1,0,0
sample_1353,0,0,1
sample_1354,0,0,1
sample_1355,0,0,1
sample_1356,1,0,0
sample_1357,0,1,0
sample_1358,1,0,0
sample_1359,0,0,1
sample_1360,0,0,1
sample_1361,0,1,0
sample_1362,0,1,0
sample_1363,1,0,0
sample_1364,1,0,0
sample_1365,1,0,0
sample_1366,0,0,1
sample_1367,0,1,0
sample_1368,0,1,0
sample_1369,1,0,0
sample_1370,0,0,1
sample_1371,0,0,1
sample_1372,0,1,0
sample_1373,0,1,0
sample_1374,1,0,0
sample_1375,1,0,0
sample_1376,0,0,1
sample_1377,0,1,0
sample_1378,0,1,0
sample_1379,0,1,0
sample_1380,0,0,1
sample_1381,1,0,0
sample_1382,1,0,0
sample_1383,0,1,0
sample_1384,1,0,0
sample_1385,0,1,0
sample_1386,1,0,0
sample_1387,1,0,0
sample_1388,1,0,0
sample_1389,0,0,1
sample_1390,0,1,0
sample_1391,1,0,0
sample_1392,0,1,0
sample_1393,1,0,0
sample_1394,0,1,0
sample_1395,1,0,0
sample_1396,1,0,0
sample_1397,0,1,0
sample_1398,0,1,0
sample_1399,0,1,0
sample_1400,0,1,0
sample_1401,0,0,1
sample_1402,0,1,0
sample_1403,0,1,0
sample_1404,0,1,0
sample_1405,0,1,0
sample_1406,0,0,1
sample_1407,0,1,0
sample_1408,1,0,0
sample_1409,1,0,0
sample_1410,1,0,0
sample_1411,0,0,1
sample_1412,0,1,0
sample_1413,0,1,0
sample_1414,1,0,0
sample_1415,1,0,0
sample_1416,1,0,0
sample_1417,0,0,1
sample_1418,1,0,0
sample_1419,0,1,0
sample_1420,0,0,1
sample_1421,0,0,1
sample_1422,0,1,0
sample_1423,0,0,1
sample_1424,0,1,0
sample_1425,0,1,0
sample_1426,1,0,0
sample_1427,0,1,0
sample_1428,1,0,0
sample_1429,0,1,0
sample_1430,0,1,0
sample_1431,0,1,0
sample_1432,0,1,0
sample_1433,1,0,0
sample_1434,0,1,0
sample_1435,0,1,0
sample_1436,0,1,0
sample_1437,0,1,0
sample_1438,1,0,0
sample_1439,1,0,0
sample_1440,1,0,0
sample_1441,1,0,0
sample_1442,0,0,1
sample_1443,1,0,0
sample_1444,1,0,0
sample_1445,0,0,1
sample_1446,1,0,0
sample_1447,0,1,0
sample_1448,0,1,0
sample_1449,1,0,0
sample_1450,0,1,0
sample_1451,0,0,1
sample_1452,0,1,0
sample_1453,0,1,0
sample_1454,0,1,0
sample_1455,1,0,0
sample_1456,1,0,0
sample_1457,0,1,0
sample_1458,0,1,0
sample_1459,0,0,1
sample_1460,0,1,0
sample_1461,0,0,1
sample_1462,0,0,1
sample_1463,0,1,0
sample_1464,1,0,0
sample_1465,0,0,1
sample_1466,0,1,0
sample_1467,0,0,1
sample_1468,0,1,0
sample_1469,1,0,0
sample_1470,0,1,0
sample_1471,0,0,1
sample_1472,1,0,0
sample_1473,0,0,1
sample_1474,1,0,0
sample_1475,0,1,0
sample_1476,1,0,0
sample_1477,1,0,0
sample_1478,1,0,0
sample_1479,1,0,0
sample_1480,0,0,1
sample_1481,1,0,0
sample_1482,1,0,0
sample_1483,1,0,0
sample_1484,1,0,0
sample_1485,0,0,1
sample_1486,0,1,0
sample_1487,0,1,0
sample_1488,0,1,0
sample_1489,0,0,1
sample_1490,0,1,0
sample_1491,0,1,0
sample_1492,0,1,0
sample_1493,0,0,1
sample_1494,0,0,1
sample_1495,1,0,0
sample_1496,1,0,0
sample_1497,1,0,0
sample_1498,0,1,0
sample_1499,0,1,0
sample_1500,0,0,1
sample_1501,1,0,0
sample_1502,0,0,1
sample_1503,0,1,0
sample_1504,1,0,0
sample_1505,1,0,0
sample_1506,0,1,0
sample_1507,0,1,0
sample_1508,0,0,1
sample_1509,0,1,0
sample_1510,1,0,0
sample_1511,1,0,0
sample_1512,1,0,0
sample_1513,0,0,1
sample_1514,1,0,0
sample_1515,1,0,0
sample_1516,0,1,0
sample_1517,1,0,0
sample_1518,1,0,0
sample_1519,1,0,0
sample_1520,1,0,0
sample_1521,0,1,0
sample_1522,0,0,1
sample_1523,1,0,0
sample_1524,0,0,1
sample_1525,1,0,0
sample_1526,0,0,1
sample_1527,0,1,0
sample_1528,0,1,0
sample_1529,1,0,0
sample_1530,0,1,0
sample_1531,1,0,0
sample_1532,0,1,0
sample_1533,0,1,0
sample_1534,1,0,0
sample_1535,0,0,1
sample_1536,1,0,0
sample_1537,1,0,0
sample_1538,0,0,1
sample_1539,0,0,1
sample_1540,0,0,1
sample_1541,0,0,1
sample_1542,0,1,0
sample_1543,0,1,0
sample_1544,1,0,0
sample_1545,0,0,1
sample_1546,1,0,0
sample_1547,0,1,0
sample_1548,1,0,0
sample_1549,1,0,0
sample_1550,0,0,1
sample_1551,0,0,1
sample_1552,0,0,1
sample_1553,1,0,0
sample_1554,1,0,0
sample_1555,0,0,1
sample_1556,1,0,0
sample_1557,1,0,0
sample_1558,1,0,0
sample_1559,0,0,1
sample_1560,0,1,0
sample_1561,1,0,0
sample_1562,0,0,1
sample_1563,0,1,0
sample_1564,0,0,1
sample_1565,1,0,0
sample_1566,1,0,0
sample_1567,0,1,0
sample_1568,0,0,1
sample_1569,0,0,1
sample_1570,1,0,0
sample_1571,1,0,0
sample_1572,0,1,0
sample_1573,1,0,0
sample_1574,0,1,0
sample_1575,0,1,0
sample_1576,1,0,0
sample_1577,0,0,1
sample_1578,0,1,0
sample_1579,0,1,0
sample_1580,0,0,1
sample_1581,0,0,1
sample_1582,0,0,1
sample_1583,0,0,1
sample_1584,1,0,0
sample_1585,0,0,1
sample_1586,0,0,1
sample_1587,1,0,0
sample_1588,1,0,0
sample_1589,1,0,0
sample_1590,0,1,0
sample_1591,1,0,0
sample_1592,1,0,0
sample_1593,0,1,0
sample_1594,0,0,1
sample_1595,1,0,0
sample_1596,0,0,1
sample_1597,0,1,0
sample_1598,1,0,0
sample_1599,0,0,1
sample_1600,0,1,0
sample_1601,0,1,0
sample_1602,0,1,0
sample_1603,0,0,1
sample_1604,1,0,0
sample_1605,0,1,0
sample_1606,0,1,0
sample_1607,1,0,0
sample_1608,0,1,0
sample_1609,1,0,0
sample_1610,0,1,0
sample_1611,0,0,1
sample_1612,0,0,1
sample_1613,0,1,0
sample_1614,0,1,0
sample_1615,0,0,1
sample_1616,0,0,1
sample_1617,0,1,0
sample_1618,0,1,0
sample_1619,1,0,0
sample_1620,0,0,1
sample_1621,0,1,0
sample_1622,0,0,1
sample_1623,0,0,1
sample_1624,0,1,0
sample_1625,1,0,0
sample_1626,0,1,0
sample_1627,0,0,1
sample_1628,0,0,1
sample_1629,0,1,0
sample_1630,0,1,0
sample_1631,1,0,0
sample_1632,0,0,1
sample_1633,0,1,0
sample_1634,0,1,0
sample_1635,0,1,0
sample_1636,1,0,0
sample_1637,0,1,0
sample_1638,0,1,0
sample_1639,0,0,1
sample_1640,1,0,0
sample_1641,0,0,1
sample_1642,0,0,1
sample_1643,0,1,0
sample_1644,1,0,0
sample_1645,0,1,0
sample_1646,0,1,0
sample_1647,0,0,1
sample_1648,0,1,0
sample_1649,1,0,0
sample_1650,1,0,0
sample_1651,0,0,1
sample_1652,0,1,0
sample_1653,0,0,1
sample_1654,0,0,1
sample_1655,0,0,1
sample_1656,0,1,0
sample_1657,0,1,0
sample_1658,0,1,0
sample_1659,0,1,0
sample_1660,1,0,0
sample_1661,0,1,0
sample_1662,0,1,0
sample_1663,0,1,0
sample_1664,0,1,0
sample_1665,0,0,1
sample_1666,0,1,0
sample_1667,1,0,0
sample_1668,0,0,1
sample_1669,0,0,1
sample_1670,0,1,0
sample_1671,1,0,0
sample_1672,0,1,0
sample_1673,0,0,1
sample_1674,0,1,0
sample_1675,0,1,0
sample_1676,0,0,1
sample_1677,0,1,0
sample_1678,0,1,0
sample_1679,0,1,0
sample_1680,0,1,0
sample_1681,0,0,1
sample_1682,1,0,0
sample_1683,0,0,1
sample_1684,1,0,0
sample_1685,0,1,0
sample_1686,1,0,0
sample_1687,0,0,1
sample_1688,0,1,0
sample_1689,0,1,0
sample_1690,0,1,0
sample_1691,1,0,0
sample_1692,1,0,0
sample_1693,0,0,1
sample_1694,1,0,0
sample_1695,0,1,0
sample_1696,0,1,0
sample_1697,0,1,0
sample_1698,0,1,0
sample_1699,1,0,0
sample_1700,0,1,0
sample_1701,0,1,0
sample_1702,0,1,0
sample_1703,1,0,0
sample_1704,1,0,0
sample_1705,0,0,1
sample_1706,1,0,0
sample_1707,0,0,1
sample_1708,0,1,0
sample_1709,0,1,0
sample_1710,1,0,0
sample_1711,0,1,0
sample_1712,1,0,0
sample_1713,0,0,1
sample_1714,0,1,0
sample_1715,0,0,1
sample_1716,0,0,1
sample_1717,0,1,0
sample_1718,0,1,0
sample_1719,0,1,0
sample_1720,0,1,0
sample_1721,0,1,0
sample_1722,1,0,0
sample_1723,1,0,0
sample_1724,1,0,0
sample_1725,0,0,1
sample_1726,1,0,0
sample_1727,1,0,0
sample_1728,0,1,0
sample_1729,0,1,0
sample_1730,0,1,0
sample_1731,0,1,0
sample_1732,0,0,1
sample_1733,0,0,1
sample_1734,0,0,1
sample_1735,0,0,1
sample_1736,0,0,1
sample_1737,0,0,1
sample_1738,0,1,0
sample_1739,0,1,0
sample_1740,0,0,1
sample_1741,0,0,1
sample_1742,0,0,1
sample_1743,0,1,0
sample_1744,0,1,0
sample_1745,1,0,0
sample_1746,1,0,0
sample_1747,0,0,1
sample_1748,1,0,0
sample_1749,0,0,1
sample_1750,0,1,0
sample_1751,0,1,0
sample_1752,0,1,0
sample_1753,0,1,0
sample_1754,0,0,1
sample_1755,0,1,0
sample_1756,1,0,0
sample_1757,0,1,0
sample_1758,0,0,1
sample_1759,1,0,0
sample_1760,1,0,0
sample_1761,0,0,1
sample_1762,1,0,0
sample_1763,0,0,1
sample_1764,1,0,0
sample_1765,1,0,0
sample_1766,0,1,0
sample_1767,0,1,0
sample_1768,0,0,1
sample_1769,1,0,0
sample_1770,0,1,0
sample_1771,0,1,0
sample_1772,0,0,1
sample_1773,0,1,0
sample_1774,0,0,1
sample_1775,0,1,0
sample_1776,0,1,0
sample_1777,0,1,0
sample_1778,0,0,1
sample_1779,1,0,0
sample_1780,0,0,1
sample_1781,1,0,0
sample_1782,0,0,1
sample_1783,0,1,0
sample_1784,1,0,0
sample_1785,0,1,0
sample_1786,1,0,0
sample_1787,0,0,1
sample_1788,0,0,1
sample_1789,1,0,0
sample_1790,0,0,1
sample_1791,0,0,1
sample_1792,0,1,0
sample_1793,1,0,0
sample_1794,0,1,0
sample_1795,0,1,0
sample_1796,1,0,0
sample_1797,0,1,0
sample_1798,0,1,0
sample_1799,0,1,0
sample_1800,1,0,0
sample_1801,1,0,0
sample_1802,0,0,1
sample_1803,1,0,0
sample_1804,0,0,1
sample_1805,0,1,0
sample_1806,0,1,0
sample_1807,0,0,1
sample_1808,0,0,1
sample_1809,0,1,0
sample_1810,0,1,0
sample_1811,0,1,0
sample_1812,0,1,0
sample_1813,1,0,0
sample_1814,1,0,0
sample_1815,0,0,1
sample_1816,0,0,1
sample_1817,1,0,0
sample_1818,0,0,1
sample_1819,0,1,0
sample_1820,1,0,0
sample_1821,1,0,0
sample_1822,0,0,1
sample_1823,0,1,0
sample_1824,1,0,0
sample_1825,0,0,1
sample_1826,1,0,0
sample_1827,0,1,0
sample_1828,0,1,0
sample_1829,0,0,1
sample_1830,0,0,1
sample_1831,1,0,0
sample_1832,1,0,0
sample_1833,1,0,0
sample_1834,0,1,0
sample_1835,0,0,1
sample_1836,1,0,0
sample_1837,0,0,1
sample_1838,0,1,0
sample_1839,1,0,0
sample_1840,0,1,0
sample_1841,0,1,0
sample_1842,1,0,0
sample_1843,0,1,0
sample_1844,0,1,0
sample_1845,0,1,0
sample_1846,0,0,1
sample_1847,0,1,0
sample_1848,1,0,0
sample_1849,0,1,0
sample_1850,0,1,0
sample_1851,1,0,0
sample_1852,1,0,0
sample_1853,0,1,0
sample_1854,0,0,1
sample_1855,0,0,1
sample_1856,0,0,1
sample_1857,0,1,0
sample_1858,0,1,0
sample_1859,0,1,0
sample_1860,0,1,0
sample_1861,0,1,0
sample_1862,1,0,0
sample_1863,0,1,0
sample_1864,0,0,1
sample_1865,1,0,0
sample_1866,1,0,0
sample_1867,0,0,1
sample_1868,0,0,1
sample_1869,0,0,1
sample_1870,1,0,0
sample_1871,0,1,0
sample_1872,0,1,0
sample_1873,1,0,0
sample_1874,0,0,1
sample_1875,1,0,0
sample_1876,1,0,0
sample_1877,0,1,0
sample_1878,0,1,0
sample_1879,1,0,0
sample_1880,0,0,1
sample_1881,1,0,0
sample_1882,1,0,0
sample_1883,0,1,0
sample_1884,0,0,1
sample_1885,0,0,1
sample_1886,0,1,0
sample_1887,0,0,1
sample_1888,0,1,0
sample_1889,1,0,0
sample_1890,1,0,0
sample_1891,1,0,0
sample_1892,0,1,0
sample_1893,0,1,0
sample_1894,0,1,0
sample_1895,0,0,1
sample_1896,1,0,0
sample_1897,0,1,0
sample_1898,0,0,1
sample_1899,0,0,1
sample_1900,1,0,0
sample_1901,0,1,0
sample_1902,0,0,1
sample_1903,0,1,0
sample_1904,0,1,0
sample_1905,1,0,0
sample_1906,0,0,1
sample_1907,1,0,0
sample_1908,0,1,0
sample_1909,0,0,1
sample_1910,0,0,1
sample_1911,0,1,0
sample_1912,1,0,0
sample_1913,0,1,0
sample_1914,0,1,0
sample_1915,0,1,0
sample_1916,0,1,0
sample_1917,0,1,0
sample_1918,1,0,0
sample_1919,0,1,0
sample_1920,0,0,1
sample_1921,0,1,0
sample_1922,1,0,0
sample_1923,0,1,0
sample_1924,1,0,0
sample_1925,0,1,0
sample_1926,1,0,0
sample_1927,0,1,0
sample_1928,0,0,1
sample_1929,1,0,0
sample_1930,1,0,0
sample_1931,0,1,0
sample_1932,0,1,0
sample_1933,0,0,1
sample_1934,1,0,0
sample_1935,0,0,1
sample_1936,0,1,0
sample_1937,0,1,0
sample_1938,1,0,0
sample_1939,0,0,1
sample_1940,0,0,1
sample_1941,0,1,0
sample_1942,1,0,0
sample_1943,0,1,0
sample_1944,0,1,0
sample_1945,0,1,0
sample_1946,0,0,1
sample_1947,1,0,0
sample_1948,1,0,0
sample_1949,0,0,1
sample_1950,0,1,0
sample_1951,1,0,0
sample_1952,0,1,0
sample_1953,1,0,0
sample_1954,0,1,0
sample_1955,0,0,1
sample_1956,0,1,0
sample_1957,0,0,1
sample_1958,1,0,0
sample_1959,0,0,1
sample_1960,0,0,1
sample_1961,1,0,0
sample_1962,1,0,0
sample_1963,0,1,0
sample_1964,0,1,0
sample_1965,0,1,0
sample_1966,0,0,1
sample_1967,1,0,0
sample_1968,0,0,1
sample_1969,1,0,0
sample_1970,1,0,0
sample_1971,1,0,0
sample_1972,0,0,1
sample_1973,0,1,0
sample_1974,0,0,1
sample_1975,0,0,1
sample_1976,0,1,0
sample_1977,1,0,0
sample_1978,1,0,0
sample_1979,0,1,0
sample_1980,1,0,0
sample_1981,0,0,1
sample_1982,0,1,0
sample_1983,0,1,0
sample_1984,1,0,0
sample_1985,1,0,0
sample_1986,0,0,1
sample_1987,0,0,1
sample_1988,0,1,0
sample_1989,1,0,0
sample_1990,0,0,1
sample_1991,0,1,0
sample_1992,1,0,0
sample_1993,0,1,0
sample_1994,0,1,0
sample_1995,0,0,1
sample_1996,1,0,0
sample_1997,1,0,0
sample_1998,0,0,1
sample_1999,0,1,0
sample_2000,0,1,0
sample_2001,0,1,0
sample_2002,0,0,1
sample_2003,1,0,0
sample_2004,0,1,0
sample_2005,1,0,0
sample_2006,0,1,0
sample_2007,1,0,0
sample_2008,0,1,0
sample_2009,0,1,0
sample_2010,1,0,0
sample_2011,1,0,0
sample_2012,0,1,0
sample_2013,0,0,1
sample_2014,0,0,1
sample_2015,1,0,0
sample_2016,1,0,0
sample_2017,1,0,0
sample_2018,0,1,0
sample_2019,0,1,0
sample_2020,1,0,0
sample_2021,1,0,0
sample_2022,0,1,0
sample_2023,0,1,0
sample_2024,1,0,0
sample_2025,1,0,0
sample_2026,1,0,0
sample_2027,0,1,0
sample_2028,0,1,0
sample_2029,0,1,0
sample_2030,0,0,1
sample_2031,0,1,0
sample_2032,0,0,1
sample_2033,0,1,0
sample_2034,0,0,1
sample_2035,0,0,1
sample_2036,0,1,0
sample_2037,0,1,0
sample_2038,1,0,0
sample_2039,0,1,0
sample_2040,1,0,0
sample_2041,0,1,0
sample_2042,0,1,0
sample_2043,0,1,0
sample_2044,0,1,0
sample_2045,0,1,0
sample_2046,0,1,0
sample_2047,0,1,0
sample_2048,1,0,0
sample_2049,0,1,0
sample_2050,1,0,0
sample_2051,0,1,0
sample_2052,0,1,0
sample_2053,0,1,0
sample_2054,0,1,0
sample_2055,1,0,0
sample_2056,1,0,0
sample_2057,1,0,0
sample_2058,1,0,0
sample_2059,0,0,1
sample_2060,1,0,0
sample_2061,0,0,1
sample_2062,0,1,0
sample_2063,0,0,1
sample_2064,1,0,0
sample_2065,0,0,1
sample_2066,0,1,0
sample_2067,1,0,0
sample_2068,0,1,0
sample_2069,1,0,0
sample_2070,0,1,0
sample_2071,0,1,0
sample_2072,0,0,1
sample_2073,0,0,1
sample_2074,1,0,0
sample_2075,1,0,0
sample_2076,1,0,0
sample_2077,0,0,1
sample_2078,0,1,0
sample_2079,1,0,0
sample_2080,0,1,0
sample_2081,1,0,0
sample_2082,1,0,0
sample_2083,0,0,1
sample_2084,0,0,1
sample_2085,1,0,0
sample_2086,0,1,0
sample_2087,0,0,1
sample_2088,0,1,0
sample_2089,1,0,0
sample_2090,0,1,0
sample_2091,1,0,0
sample_2092,0,1,0
sample_2093,0,1,0
sample_2094,1,0,0
sample_2095,0,1,0
sample_2096,1,0,0
sample_2097,0,0,1
sample_2098,0,1,0
sample_2099,0,0,1
sample_2100,0,0,1
sample_2101,0,0,1
sample_2102,0,0,1
sample_2103,1,0,0
sample_2104,0,0,1
sample_2105,0,1,0
sample_2106,0,1,0
sample_2107,0,0,1
sample_2108,0,1,0
sample_2109,0,0,1
sample_2110,0,0,1
sample_2111,1,0,0
sample_2112,1,0,0
sample_2113,1,0,0
sample_2114,0,1,0
sample_2115,1,0,0
sample_2116,1,0,0
sample_2117,0,1,0
sample_2118,1,0,0
sample_2119,1,0,0
sample_2120,0,0,1
sample_2121,0,0,1
sample_2122,0,0,1
sample_2123,0,0,1
sample_2124,0,1,0
sample_2125,1,0,0
sample_2126,0,1,0
sample_2127,1,0,0
sample_2128,1,0,0
sample_2129,1,0,0
sample_2130,0,1,0
sample_2131,0,0,1
sample_2132,1,0,0
sample_2133,0,1,0
sample_2134,1,0,0
sample_2135,0,0,1
sample_2136,0,0,1
sample_2137,0,0,1
sample_2138,1,0,0
sample_2139,1,0,0
sample_2140,0,0,1
sample_2141,0,1,0
sample_2142,0,0,1
sample_2143,0,1,0
sample_2144,0,1,0
sample_2145,0,1,0
sample_2146,0,1,0
sample_2147,0,0,1
sample_2148,0,0,1
sample_2149,0,0,1
sample_2150,0,0,1
sample_2151,0,1,0
sample_2152,0,1,0
sample_2153,0,0,1
sample_2154,1,0,0
sample_2155,0,1,0
sample_2156,1,0,0
sample_2157,0,1,0
sample_2158,1,0,0
sample_2159,1,0,0
sample_2160,0,0,1
sample_2161,1,0,0
sample_2162,1,0,0
sample_2163,1,0,0
sample_2164,1,0,0
sample_2165,1,0,0
sample_2166,0,1,0
sample_2167,0,0,1
sample_2168,1,0,0
sample_2169,0,1,0
sample_2170,0,0,1
sample_2171,1,0,0
sample_2172,1,0,0
sample_2173,0,1,0
sample_2174,0,0,1
sample_2175,0,0,1
sample_2176,0,1,0
sample_2177,0,0,1
sample_2178,0,0,1
sample_2179,0,1,0
sample_2180,1,0,0
sample_2181,0,1,0
sample_2182,0,0,1
sample_2183,0,0,1
sample_2184,0,0,1
sample_2185,0,1,0
sample_2186,1,0,0
sample_2187,0,1,0
sample_2188,0,1,0
sample_2189,0,1,0
sample_2190,1,0,0
sample_2191,0,0,1
sample_2192,0,0,1
sample_2193,1,0,0
sample_2194,0,1,0
sample_2195,0,1,0
sample_2196,0,0,1
sample_2197,0,1,0
sample_2198,1,0,0
sample_2199,0,0,1
sample_2200,1,0,0
sample_2201,0,1,0
sample_2202,0,1,0
sample_2203,0,1,0
sample_2204,1,0,0
sample_2205,0,0,1
sample_2206,1,0,0
sample_2207,0,1,0
sample_2208,0,1,0
sample_2209,0,1,0
sample_2210,1,0,0
sample_2211,1,0,0
sample_2212,0,1,0
sample_2213,0,0,1
sample_2214,1,0,0
sample_2215,0,0,1
sample_2216,0,1,0
sample_2217,0,1,0
sample_2218,1,0,0
sample_2219,1,0,0
sample_2220,0,1,0
sample_2221,0,0,1
sample_2222,1,0,0
sample_2223,0,1,0
sample_2224,0,1,0
sample_2225,0,1,0
sample_2226,1,0,0
sample_2227,1,0,0
sample_2228,0,0,1
sample_2229,1,0,0
sample_2230,1,0,0
sample_2231,1,0,0
sample_2232,1,0,0
sample_2233,1,0,0
sample_2234,1,0,0
sample_2235,0,0,1
sample_2236,1,0,0
sample_2237,0,1,0
sample_2238,0,0,1
sample_2239,0,1,0
sample_2240,0,0,1
sample_2241,0,1,0
sample_2242,0,0,1
sample_2243,1,0,0
sample_2244,0,1,0
sample_2245,0,1,0
sample_2246,1,0,0
sample_2247,0,1,0
sample_2248,0,1,0
sample_2249,0,1,0
sample_2250,0,1,0
sample_2251,1,0,0
sample_2252,0,1,0
sample_2253,0,1,0
sample_2254,0,1,0
sample_2255,0,1,0
sample_2256,0,1,0
sample_2257,0,1,0
sample_2258,0,1,0
sample_2259,0,0,1
sample_2260,1,0,0
sample_2261,1,0,0
sample_2262,0,1,0
sample_2263,1,0,0
sample_2264,0,1,0
sample_2265,1,0,0
sample_2266,1,0,0
sample_2267,0,1,0
sample_2268,1,0,0
sample_2269,0,0,1
sample_2270,0,1,0
sample_2271,1,0,0
sample_2272,1,0,0
sample_2273,1,0,0
sample_2274,1,0,0
sample_2275,0,0,1
sample_2276,1,0,0
sample_2277,0,1,0
sample_2278,0,0,1
sample_2279,0,1,0
sample_2280,0,1,0
sample_2281,1,0,0
sample_2282,0,1,0
sample_2283,0,0,1
sample_2284,0,0,1
sample_2285,1,0,0
sample_2286,0,0,1
sample_2287,1,0,0
sample_2288,1,0,0
sample_2289,1,0,0
sample_2290,0,0,1
sample_2291,0,1,0
sample_2292,1,0,0
sample_2293,1,0,0
sample_2294,0,1,0
sample_2295,1,0,0
sample_2296,0,0,1
sample_2297,0,1,0
sample_2298,0,0,1
sample_2299,0,1,0
sample_2300,0,0,1
sample_2301,0,1,0
sample_2302,0,1,0
sample_2303,0,1,0
sample_2304,0,1,0
sample_2305,1,0,0
sample_2306,1,0,0
sample_2307,0,0,1
sample_2308,1,0,0
sample_2309,1,0,0
sample_2310,0,1,0
sample_2311,0,0,1
sample_2312,1,0,0
sample_2313,0,1,0
sample_2314,0,1,0
sample_2315,0,1,0
sample_2316,0,1,0
sample_2317,0,1,0
sample_2318,0,1,0
sample_2319,0,1,0
sample_2320,0,0,1
sample_2321,0,0,1
sample_2322,0,1,0
sample_2323,0,1,0
sample_2324,0,1,0
sample_2325,0,1,0
sample_2326,0,0,1
sample_2327,0,1,0
sample_2328,0,1,0
sample_2329,0,0,1
sample_2330,0,1,0
sample_2331,0,0,1
sample_2332,0,1,0
sample_2333,1,0,0
sample_2334,0,1,0
sample_2335,0,0,1
sample_2336,1,0,0
sample_2337,1,0,0
sample_2338,0,1,0
sample_2339,0,1,0
sample_2340,1,0,0
sample_2341,0,0,1
sample_2342,1,0,0
sample_2343,0,0,1
sample_2344,0,1,0
sample_2345,1,0,0
sample_2346,0,1,0
sample_2347,1,0,0
sample_2348,0,0,1
sample_2349,0,1,0
sample_2350,0,1,0
sample_2351,0,1,0
sample_2352,0,0,1
sample_2353,0,0,1
sample_2354,0,0,1
sample_2355,1,0,0
sample_2356,1,0,0
sample_2357,0,1,0
sample_2358,0,1,0
sample_2359,0,0,1
sample_2360,0,0,1
sample_2361,1,0,0
sample_2362,0,0,1
sample_2363,1,0,0
sample_2364,0,0,1
sample_2365,0,0,1
sample_2366,0,1,0
sample_2367,1,0,0
sample_2368,0,1,0
sample_2369,0,0,1
sample_2370,0,0,1
sample_2371,0,0,1
sample_2372,0,0,1
sample_2373,0,0,1
sample_2374,0,1,0
sample_2375,0,1,0
sample_2376,0,1,0
sample_2377,0,1,0
sample_2378,0,1,0
sample_2379,0,1,0
sample_2380,0,0,1
sample_2381,0,0,1
sample_2382,0,1,0
sample_2383,1,0,0
sample_2384,1,0,0
sample_2385,0,1,0
sample_2386,0,1,0
sample_2387,1,0,0
sample_2388,1,0,0
sample_2389,1,0,0
sample_2390,0,0,1
sample_2391,0,1,0
sample_2392,0,0,1
sample_2393,1,0,0
sample_2394,0,1,0
sample_2395,0,1,0
sample_2396,1,0,0
sample_2397,0,1,0
sample_2398,0,1,0
sample_2399,0,1,0
sample_2400,1,0,0
sample_2401,1,0,0
sample_2402,0,0,1
sample_2403,0,1,0
sample_2404,1,0,0
sample_2405,0,1,0
sample_2406,0,1,0
sample_2407,0,0,1
sample_2408,0,1,0
sample_2409,0,0,1
sample_2410,0,0,1
sample_2411,0,1,0
sample_2412,0,1,0
sample_2413,1,0,0
sample_2414,0,0,1
sample_2415,1,0,0
sample_2416,0,1,0
sample_2417,0,0,1
sample_2418,1,0,0
sample_2419,0,0,1
sample_2420,1,0,0
sample_2421,0,0,1
sample_2422,0,0,1
sample_2423,1,0,0
sample_2424,0,1,0
sample_2425,0,1,0
sample_2426,0,1,0
sample_2427,1,0,0
sample_2428,1,0,0
sample_2429,0,1,0
sample_2430,0,0,1
sample_2431,1,0,0
sample_2432,0,1,0
sample_2433,0,1,0
sample_2434,1,0,0
sample_2435,0,0,1
sample_2436,1,0,0
sample_2437,1,0,0
sample_2438,0,0,1
sample_2439,0,0,1
sample_2440,1,0,0
sample_2441,1,0,0
sample_2442,0,1,0
sample_2443,1,0,0
sample_2444,1,0,0
sample_2445,1,0,0
sample_2446,0,1,0
sample_2447,1,0,0
sample_2448,0,1,0
sample_2449,0,1,0
sample_2450,1,0,0
sample_2451,0,1,0
sample_2452,1,0,0
sample_2453,1,0,0
sample_2454,0,0,1
sample_2455,1,0,0
sample_2456,1,0,0
sample_2457,0,0,1
sample_2458,1,0,0
sample_2459,0,1,0
sample_2460,0,1,0
sample_2461,0,1,0
sample_2462,0,1,0
sample_2463,0,0,1
sample_2464,0,1,0
sample_2465,0,1,0
sample_2466,1,0,0
sample_2467,1,0,0
sample_2468,0,0,1
sample_2469,0,1,0
sample_2470,0,1,0
sample_2471,1,0,0
sample_2472,0,1,0
sample_2473,0,0,1
sample_2474,1,0,0
sample_2475,1,0,0
sample_2476,0,0,1
sample_2477,1,0,0
sample_2478,0,1,0
sample_2479,0,1,0
sample_2480,0,0,1
sample_2481,0,0,1
sample_2482,0,1,0
sample_2483,1,0,0
sample_2484,1,0,0
sample_2485,0,1,0
sample_2486,0,1,0
sample_2487,0,0,1
sample_2488,0,0,1
sample_2489,0,0,1
sample_2490,0,1,0
sample_2491,0,1,0
sample_2492,1,0,0
sample_2493,0,1,0
sample_2494,0,1,0
sample_2495,1,0,0
sample_2496,1,0,0
sample_2497,0,0,1
sample_2498,0,1,0
sample_2499,0,0,1
sample_2500,0,1,0
